"Male"|"15-34"|"Career, technical or professional training certificate"|"Education"|-1|-1|-1|-1|-1|-1|-1|35100|33300|32900|28000|32700|34100|31000
"Male"|"15-34"|"Career, technical or professional training certificate"|"Visual and performing arts, and communications technologies"|255|270|225|265|370|455|410|24700|24400|21200|24300|24600|24800|27700
"Male"|"15-34"|"Career, technical or professional training certificate"|"Humanities"|-1|-1|-1|-1|325|220|340|-1|-1|-1|-1|23100|17400|22400
"Male"|"15-34"|"Career, technical or professional training certificate"|"Social and behavioral sciences and law"|-1|-1|-1|-1|190|205|160|46300|38900|43600|30400|21100|24800|31400
"Male"|"15-34"|"Career, technical or professional training certificate"|"Business, management and public administration"|280|370|395|465|865|845|950|40500|40400|39400|36900|36300|36200|35300
"Male"|"15-34"|"Career, technical or professional training certificate"|"Physical and life sciences and technologies"|5|0|-1|-1|-1|-1|5|-1|-1|-1|-1|47100|41300|-1
"Male"|"15-34"|"Career, technical or professional training certificate"|"Mathematics, computer and information sciences"|195|215|235|230|270|315|430|45900|47700|45300|44700|38700|41600|43100
"Male"|"15-34"|"Career, technical or professional training certificate"|"Architecture, engineering, and related technologies"|4625|5700|5565|5850|8255|8345|8375|42800|42900|42800|39800|35500|36000|38200
"Male"|"15-34"|"Career, technical or professional training certificate"|"Agriculture, natural resources and conservation"|140|150|120|-1|165|190|165|42700|45500|38400|40000|39000|36500|38900
"Male"|"15-34"|"Career, technical or professional training certificate"|"Health and related fields"|595|780|775|795|1145|990|925|47600|49500|50500|47000|37100|36000|38200
"Male"|"15-34"|"Career, technical or professional training certificate"|"Personal, protective and transportation services"|950|1200|1040|945|1690|1685|1590|42100|41300|40600|40800|35300|37300|39100
"Male"|"15-34"|"Career, technical or professional training certificate"|"Other instructional programs"|-1|-1|5|-1|0|5|-1|-1|-1|-1|-1|-1|-1|-1
"Male"|"15-34"|"Career, technical or professional training diploma"|"Education"|110|115|130|140|150|155|180|44900|40800|45200|39800|43800|40600|41500
"Male"|"15-34"|"Career, technical or professional training diploma"|"Visual and performing arts, and communications technologies"|595|665|590|720|1730|1905|2065|29300|30700|28700|29600|28400|29800|29700
"Male"|"15-34"|"Career, technical or professional training diploma"|"Humanities"|-1|-1|100|-1|655|635|720|29000|29900|30900|23500|34100|35900|37100
"Male"|"15-34"|"Career, technical or professional training diploma"|"Social and behavioral sciences and law"|295|350|375|405|1125|1280|1165|38200|40200|37000|40800|35000|35600|36200
"Male"|"15-34"|"Career, technical or professional training diploma"|"Business, management and public administration"|2145|2360|2565|2635|6780|6865|7690|39900|39600|40500|39200|36700|36900|38200
"Male"|"15-34"|"Career, technical or professional training diploma"|"Physical and life sciences and technologies"|140|140|135|145|450|470|485|45800|42800|43300|42100|39800|39400|41000
"Male"|"15-34"|"Career, technical or professional training diploma"|"Mathematics, computer and information sciences"|565|630|670|655|1540|1770|1725|42900|42600|42200|42800|43000|42200|43000
"Male"|"15-34"|"Career, technical or professional training diploma"|"Architecture, engineering, and related technologies"|3555|4040|4060|4250|10030|10160|12075|53000|54600|55400|52000|46200|46000|47000
"Male"|"15-34"|"Career, technical or professional training diploma"|"Agriculture, natural resources and conservation"|360|445|495|495|760|720|785|40300|44500|43700|44600|40400|40100|40000
"Male"|"15-34"|"Career, technical or professional training diploma"|"Health and related fields"|770|845|925|1015|2465|2365|2465|51700|52600|52300|52800|46900|47700|47000
"Male"|"15-34"|"Career, technical or professional training diploma"|"Personal, protective and transportation services"|1055|1170|1255|1220|3340|3505|3410|43700|42400|42700|42500|36400|37800|38500
"Male"|"15-34"|"Career, technical or professional training diploma"|"Other instructional programs"|-1|-1|-1|-1|140|105|130|-1|49300|47500|45700|43100|40300|40600
"Male"|"15-34"|"Undergraduate degree"|"Education"|3320|3275|3210|3180|2995|2970|1860|49000|47700|46700|46200|46400|47900|51300
"Male"|"15-34"|"Undergraduate degree"|"Visual and performing arts, and communications technologies"|1355|1470|1590|1750|1830|1885|1845|27900|27600|27800|28500|29400|29600|31000
"Male"|"15-34"|"Undergraduate degree"|"Humanities"|2970|2985|3010|3145|3055|2695|2515|33100|32900|33500|34600|33800|33900|35400
"Male"|"15-34"|"Undergraduate degree"|"Social and behavioral sciences and law"|6385|6565|7130|7545|7770|7875|7875|39400|39300|39400|39600|39100|40300|40800
"Male"|"15-34"|"Undergraduate degree"|"Business, management and public administration"|10530|11455|11855|12500|13160|12990|13660|49500|49400|48800|49500|48900|48800|49500
"Male"|"15-34"|"Undergraduate degree"|"Physical and life sciences and technologies"|2340|2445|2590|2735|3080|2910|2990|41800|41700|39700|40000|37900|39800|40500
"Male"|"15-34"|"Undergraduate degree"|"Mathematics, computer and information sciences"|1915|1870|1920|2115|2295|2620|2790|55100|56000|56900|58200|58400|59300|59200
"Male"|"15-34"|"Undergraduate degree"|"Architecture, engineering, and related technologies"|7215|7555|7675|8245|8585|9140|9520|65600|66300|66600|65900|62900|62800|62600
"Male"|"15-34"|"Undergraduate degree"|"Agriculture, natural resources and conservation"|605|715|695|750|815|785|835|49800|50400|47100|48300|47600|45400|46400
"Male"|"15-34"|"Undergraduate degree"|"Health and related fields"|2020|2145|2345|2545|2780|2790|2955|50500|50200|48300|49600|45900|48500|49000
"Male"|"15-34"|"Undergraduate degree"|"Personal, protective and transportation services"|235|270|290|325|425|465|415|41200|43100|45400|46200|44700|47600|47600
"Male"|"15-34"|"Undergraduate degree"|"Other instructional programs"|245|255|235|250|250|290|335|40200|36400|42400|39600|45000|45000|45700
"Male"|"15-34"|"Professional degree"|"Education"|-1|-1|-1|-1|-1|-1|-1|-1|-1|-1|-1|-1|-1|-1
"Male"|"15-34"|"Professional degree"|"Visual and performing arts, and communications technologies"|-1|-1|-1|-1|-1|-1|-1|-1|-1|-1|-1|-1|-1|-1
"Male"|"15-34"|"Professional degree"|"Humanities"|-1|-1|-1|-1|-1|-1|-1|-1|-1|-1|-1|-1|-1|-1
"Male"|"15-34"|"Professional degree"|"Social and behavioral sciences and law"|1125|1205|1300|1345|1335|1325|1375|74700|74700|72200|72800|71500|71600|71200
"Male"|"15-34"|"Professional degree"|"Business, management and public administration"|-1|-1|-1|-1|-1|-1|-1|-1|-1|-1|-1|-1|-1|-1
"Male"|"15-34"|"Professional degree"|"Physical and life sciences and technologies"|-1|-1|-1|-1|-1|-1|-1|-1|-1|-1|-1|-1|-1|-1
"Male"|"15-34"|"Professional degree"|"Mathematics, computer and information sciences"|-1|-1|-1|-1|-1|-1|-1|-1|-1|-1|-1|-1|-1|-1
"Male"|"15-34"|"Professional degree"|"Architecture, engineering, and related technologies"|-1|-1|-1|-1|-1|-1|-1|-1|-1|-1|-1|-1|-1|-1
"Male"|"15-34"|"Professional degree"|"Agriculture, natural resources and conservation"|-1|-1|-1|-1|-1|-1|-1|-1|-1|-1|-1|-1|-1|-1
"Male"|"15-34"|"Professional degree"|"Health and related fields"|1190|1135|1085|1075|1075|1160|1145|79400|85000|83200|87700|84800|87600|88600
"Male"|"15-34"|"Professional degree"|"Personal, protective and transportation services"|-1|-1|-1|-1|-1|-1|-1|-1|-1|-1|-1|-1|-1|-1
"Male"|"15-34"|"Professional degree"|"Other instructional programs"|-1|-1|-1|-1|-1|-1|-1|-1|-1|-1|-1|-1|-1|-1
"Male"|"15-34"|"Master's degree"|"Education"|280|355|310|370|385|425|425|80400|81700|78100|73600|76900|74400|72600
"Male"|"15-34"|"Master's degree"|"Visual and performing arts, and communications technologies"|155|185|185|205|195|160|190|30900|29600|26800|30500|30300|29100|30200
"Male"|"15-34"|"Master's degree"|"Humanities"|360|355|335|315|355|335|330|39400|38200|37100|38200|38800|36500|40500
"Male"|"15-34"|"Master's degree"|"Social and behavioral sciences and law"|945|985|1050|1065|1105|1070|1190|57600|55000|55500|55500|53700|55500|59100
"Male"|"15-34"|"Master's degree"|"Business, management and public administration"|2670|2920|3095|3200|3315|3320|3400|79800|78800|78600|77700|76500|73700|75600
"Male"|"15-34"|"Master's degree"|"Physical and life sciences and technologies"|520|560|670|700|660|680|715|53500|54800|54000|54800|52000|53100|53200
"Male"|"15-34"|"Master's degree"|"Mathematics, computer and information sciences"|560|580|675|755|835|835|895|66300|65700|68200|66500|67300|69100|72000
"Male"|"15-34"|"Master's degree"|"Architecture, engineering, and related technologies"|1735|2215|2500|2760|3015|3375|3535|68000|68000|67300|65500|62400|59900|61500
"Male"|"15-34"|"Master's degree"|"Agriculture, natural resources and conservation"|240|255|285|270|320|325|280|58800|56700|55600|58000|52600|54600|53200
"Male"|"15-34"|"Master's degree"|"Health and related fields"|465|535|590|700|745|815|815|70300|70900|69100|65600|64800|65700|67300
"Male"|"15-34"|"Master's degree"|"Personal, protective and transportation services"|-1|-1|-1|-1|-1|-1|-1|-1|67500|-1|74900|67400|82400|78500
"Male"|"15-34"|"Master's degree"|"Other instructional programs"|-1|-1|-1|-1|-1|-1|-1|47700|52400|67200|58700|61800|62100|62600
"Male"|"15-34"|"Doctoral degree"|"Education"|-1|-1|-1|-1|-1|-1|5|-1|-1|-1|-1|-1|-1|-1
"Male"|"15-34"|"Doctoral degree"|"Visual and performing arts, and communications technologies"|-1|-1|-1|-1|-1|-1|-1|-1|35000|-1|-1|-1|44000|54500
"Male"|"15-34"|"Doctoral degree"|"Humanities"|-1|-1|-1|-1|-1|-1|-1|45300|48300|45200|45200|47000|60900|51100
"Male"|"15-34"|"Doctoral degree"|"Social and behavioral sciences and law"|145|170|150|165|185|175|180|80500|81600|66200|78600|73300|76800|73900
"Male"|"15-34"|"Doctoral degree"|"Business, management and public administration"|-1|-1|-1|-1|-1|-1|-1|118900|103100|102800|102200|110900|93500|107900
"Male"|"15-34"|"Doctoral degree"|"Physical and life sciences and technologies"|430|445|475|525|500|545|495|55000|53500|56100|54600|57600|56000|60800
"Male"|"15-34"|"Doctoral degree"|"Mathematics, computer and information sciences"|145|140|125|135|140|165|165|75400|78800|73400|77100|80300|83500|88300
"Male"|"15-34"|"Doctoral degree"|"Architecture, engineering, and related technologies"|390|405|425|550|590|640|630|83200|79400|78700|76600|73900|74500|75100
"Male"|"15-34"|"Doctoral degree"|"Agriculture, natural resources and conservation"|-1|-1|-1|-1|-1|-1|-1|68300|58300|54900|44400|58400|48000|56500
"Male"|"15-34"|"Doctoral degree"|"Health and related fields"|-1|-1|-1|110|105|-1|110|76700|72000|69300|71200|79400|69100|68400
"Male"|"15-34"|"Doctoral degree"|"Personal, protective and transportation services"|-1|-1|-1|0|-1|-1|-1|-1|-1|-1|-1|-1|-1|-1
"Male"|"15-34"|"Doctoral degree"|"Other instructional programs"|5|5|0|5|0|5|-1|-1|-1|-1|-1|-1|-1|-1
"Male"|"35-64"|"Career, technical or professional training certificate"|"Education"|-1|-1|-1|-1|-1|-1|-1|38600|39200|59100|45400|44800|40900|39000
"Male"|"35-64"|"Career, technical or professional training certificate"|"Visual and performing arts, and communications technologies"|-1|-1|-1|-1|-1|-1|-1|-1|30000|32100|22500|34700|32400|40100
"Male"|"35-64"|"Career, technical or professional training certificate"|"Humanities"|5|-1|-1|5|-1|-1|-1|-1|-1|-1|-1|25300|27100|36300
"Male"|"35-64"|"Career, technical or professional training certificate"|"Social and behavioral sciences and law"|-1|-1|-1|-1|-1|-1|-1|42400|44300|50500|48100|40700|30700|52200
"Male"|"35-64"|"Career, technical or professional training certificate"|"Business, management and public administration"|230|200|185|195|325|305|230|58600|53100|57600|57100|63100|69700|51700
"Male"|"35-64"|"Career, technical or professional training certificate"|"Physical and life sciences and technologies"|-1|0|-1|-1|5|-1|-1|-1|-1|-1|-1|-1|-1|-1
"Male"|"35-64"|"Career, technical or professional training certificate"|"Mathematics, computer and information sciences"|125|150|150|-1|-1|-1|-1|52700|51700|49000|52600|47500|53300|48300
"Male"|"35-64"|"Career, technical or professional training certificate"|"Architecture, engineering, and related technologies"|1070|1230|1030|995|1420|1175|1030|51000|49500|54300|50400|46400|48400|47100
"Male"|"35-64"|"Career, technical or professional training certificate"|"Agriculture, natural resources and conservation"|-1|-1|-1|-1|-1|-1|-1|61000|52300|33400|54000|71600|38800|-1
"Male"|"35-64"|"Career, technical or professional training certificate"|"Health and related fields"|295|340|355|305|375|330|295|47700|50500|47000|46700|45200|43500|46600
"Male"|"35-64"|"Career, technical or professional training certificate"|"Personal, protective and transportation services"|290|270|235|250|370|380|385|57700|39800|43800|54400|41600|47100|52000
"Male"|"35-64"|"Career, technical or professional training certificate"|"Other instructional programs"|-1|5|-1|-1|-1|0|-1|-1|-1|-1|-1|-1|-1|-1
"Male"|"35-64"|"Career, technical or professional training diploma"|"Education"|170|130|165|140|120|135|125|81200|71700|81900|76100|70600|77700|69100
"Male"|"35-64"|"Career, technical or professional training diploma"|"Visual and performing arts, and communications technologies"|-1|-1|-1|-1|-1|-1|-1|-1|43200|40100|41300|30400|29500|28000
"Male"|"35-64"|"Career, technical or professional training diploma"|"Humanities"|5|5|-1|-1|-1|-1|-1|-1|-1|-1|-1|40200|40600|43700
"Male"|"35-64"|"Career, technical or professional training diploma"|"Social and behavioral sciences and law"|-1|-1|-1|-1|145|165|175|44900|39900|45600|41700|30600|39800|36900
"Male"|"35-64"|"Career, technical or professional training diploma"|"Business, management and public administration"|205|315|260|245|625|610|625|43600|45100|45200|44000|39200|38000|41000
"Male"|"35-64"|"Career, technical or professional training diploma"|"Physical and life sciences and technologies"|-1|5|5|-1|-1|-1|-1|-1|-1|-1|-1|34700|42600|48100
"Male"|"35-64"|"Career, technical or professional training diploma"|"Mathematics, computer and information sciences"|-1|-1|-1|-1|180|200|210|45200|49700|50500|46800|46200|46300|45700
"Male"|"35-64"|"Career, technical or professional training diploma"|"Architecture, engineering, and related technologies"|305|440|440|405|995|1010|1100|61100|61000|61200|60300|48600|48000|47900
"Male"|"35-64"|"Career, technical or professional training diploma"|"Agriculture, natural resources and conservation"|-1|-1|-1|-1|-1|-1|-1|57000|41200|42800|48900|32200|42100|41800
"Male"|"35-64"|"Career, technical or professional training diploma"|"Health and related fields"|175|195|280|295|470|405|375|57700|56800|57700|58600|53000|55400|52900
"Male"|"35-64"|"Career, technical or professional training diploma"|"Personal, protective and transportation services"|-1|-1|-1|-1|155|135|160|49000|39100|45900|49600|44700|44300|47500
"Male"|"35-64"|"Career, technical or professional training diploma"|"Other instructional programs"|-1|-1|-1|-1|-1|5|-1|-1|-1|-1|-1|-1|-1|-1
"Male"|"35-64"|"Undergraduate degree"|"Education"|705|765|650|670|605|585|340|51800|52300|50900|54600|50500|55800|65200
"Male"|"35-64"|"Undergraduate degree"|"Visual and performing arts, and communications technologies"|-1|-1|-1|-1|-1|-1|-1|39800|41900|36700|26900|31900|40200|39900
"Male"|"35-64"|"Undergraduate degree"|"Humanities"|345|315|310|290|250|310|275|52600|50400|47300|49600|45700|55800|53900
"Male"|"35-64"|"Undergraduate degree"|"Social and behavioral sciences and law"|300|310|315|375|325|380|390|50300|52700|52300|49500|50800|52000|51400
"Male"|"35-64"|"Undergraduate degree"|"Business, management and public administration"|655|690|620|690|750|700|735|58400|60500|64700|62300|61000|58400|59600
"Male"|"35-64"|"Undergraduate degree"|"Physical and life sciences and technologies"|-1|-1|-1|-1|-1|-1|-1|54800|61300|53400|61900|48800|43500|61600
"Male"|"35-64"|"Undergraduate degree"|"Mathematics, computer and information sciences"|120|120|130|140|120|120|100|65900|63000|69200|69200|64800|65300|68400
"Male"|"35-64"|"Undergraduate degree"|"Architecture, engineering, and related technologies"|255|260|265|340|320|320|320|70100|69700|69100|71600|64100|61900|65700
"Male"|"35-64"|"Undergraduate degree"|"Agriculture, natural resources and conservation"|-1|-1|-1|-1|-1|-1|-1|63500|55000|67500|60900|68900|44900|62300
"Male"|"35-64"|"Undergraduate degree"|"Health and related fields"|230|220|240|265|305|290|310|75200|78100|80700|77000|77000|76400|75200
"Male"|"35-64"|"Undergraduate degree"|"Personal, protective and transportation services"|-1|-1|-1|-1|-1|-1|-1|130200|118000|121400|111200|110900|113500|115700
"Male"|"35-64"|"Undergraduate degree"|"Other instructional programs"|-1|-1|-1|-1|-1|-1|-1|76400|76600|54500|53600|59100|60300|54300
"Male"|"35-64"|"Professional degree"|"Education"|-1|-1|-1|-1|-1|-1|-1|-1|-1|-1|-1|-1|-1|-1
"Male"|"35-64"|"Professional degree"|"Visual and performing arts, and communications technologies"|-1|-1|-1|-1|-1|-1|-1|-1|-1|-1|-1|-1|-1|-1
"Male"|"35-64"|"Professional degree"|"Humanities"|-1|-1|-1|-1|-1|-1|-1|-1|-1|-1|-1|-1|-1|-1
"Male"|"35-64"|"Professional degree"|"Social and behavioral sciences and law"|-1|-1|-1|-1|-1|115|-1|66200|68700|71100|82600|71300|55500|62600
"Male"|"35-64"|"Professional degree"|"Business, management and public administration"|-1|-1|-1|-1|-1|-1|-1|-1|-1|-1|-1|-1|-1|-1
"Male"|"35-64"|"Professional degree"|"Physical and life sciences and technologies"|-1|-1|-1|-1|-1|-1|-1|-1|-1|-1|-1|-1|-1|-1
"Male"|"35-64"|"Professional degree"|"Mathematics, computer and information sciences"|-1|-1|-1|-1|-1|-1|-1|-1|-1|-1|-1|-1|-1|-1
"Male"|"35-64"|"Professional degree"|"Architecture, engineering, and related technologies"|-1|-1|-1|-1|-1|-1|-1|-1|-1|-1|-1|-1|-1|-1
"Male"|"35-64"|"Professional degree"|"Agriculture, natural resources and conservation"|-1|-1|-1|-1|-1|-1|-1|-1|-1|-1|-1|-1|-1|-1
"Male"|"35-64"|"Professional degree"|"Health and related fields"|-1|-1|-1|-1|-1|-1|-1|75500|86900|85300|95700|83400|89000|98200
"Male"|"35-64"|"Professional degree"|"Personal, protective and transportation services"|-1|-1|-1|-1|-1|-1|-1|-1|-1|-1|-1|-1|-1|-1
"Male"|"35-64"|"Professional degree"|"Other instructional programs"|-1|-1|-1|-1|-1|-1|-1|-1|-1|-1|-1|-1|-1|-1
"Male"|"35-64"|"Master's degree"|"Education"|635|625|610|650|575|675|625|95800|96100|95900|95800|95700|91800|92100
"Male"|"35-64"|"Master's degree"|"Visual and performing arts, and communications technologies"|-1|-1|-1|-1|-1|-1|-1|41100|35000|38200|31500|26000|35000|32300
"Male"|"35-64"|"Master's degree"|"Humanities"|140|110|135|110|165|155|120|50400|50500|48700|49300|49700|56000|51200
"Male"|"35-64"|"Master's degree"|"Social and behavioral sciences and law"|285|300|320|330|320|325|300|72000|79200|74900|75700|72700|72900|64500
"Male"|"35-64"|"Master's degree"|"Business, management and public administration"|1775|1675|1790|1770|1710|1730|1795|103000|103900|105100|102500|104100|102800|101300
"Male"|"35-64"|"Master's degree"|"Physical and life sciences and technologies"|100|-1|-1|-1|-1|-1|-1|63100|70600|62900|58000|55900|47800|61400
"Male"|"35-64"|"Master's degree"|"Mathematics, computer and information sciences"|215|185|165|185|165|180|190|67300|68500|73700|76200|75000|78100|76400
"Male"|"35-64"|"Master's degree"|"Architecture, engineering, and related technologies"|660|515|575|620|535|495|445|73400|77700|75400|75200|71700|74100|71900
"Male"|"35-64"|"Master's degree"|"Agriculture, natural resources and conservation"|-1|-1|-1|115|-1|-1|-1|68500|64900|70000|75400|74100|51900|67100
"Male"|"35-64"|"Master's degree"|"Health and related fields"|200|165|190|210|240|255|215|93300|87600|95400|97800|93900|87800|92400
"Male"|"35-64"|"Master's degree"|"Personal, protective and transportation services"|-1|-1|-1|-1|-1|-1|-1|122000|103100|89300|105700|91400|82000|116000
"Male"|"35-64"|"Master's degree"|"Other instructional programs"|-1|-1|-1|-1|-1|-1|-1|-1|-1|-1|88900|86500|82400|79000
"Male"|"35-64"|"Doctoral degree"|"Education"|-1|-1|-1|-1|-1|-1|-1|100100|85200|91000|101300|101000|93200|89600
"Male"|"35-64"|"Doctoral degree"|"Visual and performing arts, and communications technologies"|-1|-1|-1|-1|-1|-1|-1|-1|-1|36500|43600|47100|24800|21600
"Male"|"35-64"|"Doctoral degree"|"Humanities"|-1|110|105|130|115|115|135|52400|60600|49400|49900|56800|45300|56000
"Male"|"35-64"|"Doctoral degree"|"Social and behavioral sciences and law"|145|165|165|170|190|185|195|80600|75600|81100|74900|76900|54300|74100
"Male"|"35-64"|"Doctoral degree"|"Business, management and public administration"|-1|-1|-1|-1|-1|-1|-1|105000|119100|106100|104500|110000|102800|98400
"Male"|"35-64"|"Doctoral degree"|"Physical and life sciences and technologies"|190|175|170|170|155|165|135|55100|52300|51000|56800|54900|59100|56700
"Male"|"35-64"|"Doctoral degree"|"Mathematics, computer and information sciences"|-1|-1|-1|-1|-1|-1|-1|80100|65300|77900|81900|65800|81500|81800
"Male"|"35-64"|"Doctoral degree"|"Architecture, engineering, and related technologies"|275|255|280|305|285|295|275|78600|82700|75500|84500|77200|66000|72000
"Male"|"35-64"|"Doctoral degree"|"Agriculture, natural resources and conservation"|-1|-1|-1|-1|-1|-1|-1|45800|47800|43500|73400|62200|56700|74500
"Male"|"35-64"|"Doctoral degree"|"Health and related fields"|-1|-1|-1|-1|-1|-1|-1|82800|87300|71100|80600|82900|92300|86000
"Male"|"35-64"|"Doctoral degree"|"Personal, protective and transportation services"|0|-1|-1|-1|5|-1|-1|-1|-1|-1|-1|-1|-1|-1
"Male"|"35-64"|"Doctoral degree"|"Other instructional programs"|-1|0|-1|-1|-1|-1|-1|-1|-1|-1|-1|-1|-1|-1
"Female"|"15-34"|"Career, technical or professional training certificate"|"Education"|350|410|375|375|415|410|365|28200|25800|26400|26500|28000|29200|28200
"Female"|"15-34"|"Career, technical or professional training certificate"|"Visual and performing arts, and communications technologies"|300|325|315|330|520|495|445|27000|25900|25300|24300|21600|20800|24800
"Female"|"15-34"|"Career, technical or professional training certificate"|"Humanities"|-1|-1|-1|-1|420|365|450|21800|20200|20400|21000|19200|18800|19000
"Female"|"15-34"|"Career, technical or professional training certificate"|"Social and behavioral sciences and law"|750|960|965|940|1185|1270|1200|34300|30800|31900|33200|30500|32500|33300
"Female"|"15-34"|"Career, technical or professional training certificate"|"Business, management and public administration"|1470|1940|1905|2150|2985|2935|2650|34400|33600|33900|32900|31300|32200|32200
"Female"|"15-34"|"Career, technical or professional training certificate"|"Physical and life sciences and technologies"|5|5|-1|0|5|0|0|-1|-1|-1|-1|-1|-1|-1
"Female"|"15-34"|"Career, technical or professional training certificate"|"Mathematics, computer and information sciences"|-1|110|-1|-1|100|100|140|35800|35500|39100|43300|34600|36300|34100
"Female"|"15-34"|"Career, technical or professional training certificate"|"Architecture, engineering, and related technologies"|440|515|520|635|835|945|980|34000|34700|35500|35000|29800|30700|32600
"Female"|"15-34"|"Career, technical or professional training certificate"|"Agriculture, natural resources and conservation"|105|115|-1|-1|110|170|155|25800|27800|31600|31700|24800|24400|23800
"Female"|"15-34"|"Career, technical or professional training certificate"|"Health and related fields"|3075|3775|3900|3725|6220|6015|5905|35700|36100|34500|35500|31100|30400|31700
"Female"|"15-34"|"Career, technical or professional training certificate"|"Personal, protective and transportation services"|785|860|960|830|1465|1440|1325|23500|24300|23400|24500|24200|24800|27500
"Female"|"15-34"|"Career, technical or professional training certificate"|"Other instructional programs"|-1|-1|0|-1|-1|0|-1|-1|-1|-1|-1|-1|-1|-1
"Female"|"15-34"|"Career, technical or professional training diploma"|"Education"|815|935|905|975|1180|1230|1200|32300|32000|33400|31600|31000|31500|33400
"Female"|"15-34"|"Career, technical or professional training diploma"|"Visual and performing arts, and communications technologies"|1200|1195|1110|1275|2475|2570|2605|28500|28700|27300|28700|27500|28000|28800
"Female"|"15-34"|"Career, technical or professional training diploma"|"Humanities"|135|100|145|140|595|570|1105|28600|32900|26800|28700|29100|28200|30900
"Female"|"15-34"|"Career, technical or professional training diploma"|"Social and behavioral sciences and law"|1560|1785|1775|1825|5865|6205|5900|33100|34300|34200|33900|32500|33000|34600
"Female"|"15-34"|"Career, technical or professional training diploma"|"Business, management and public administration"|3850|4290|4270|4370|10035|10795|11470|35300|35000|35100|34900|32700|32800|34400
"Female"|"15-34"|"Career, technical or professional training diploma"|"Physical and life sciences and technologies"|200|150|145|140|455|570|555|38800|39800|37900|37700|32900|34300|36800
"Female"|"15-34"|"Career, technical or professional training diploma"|"Mathematics, computer and information sciences"|235|245|255|275|450|605|620|36600|37800|38300|37300|36100|36600|36700
"Female"|"15-34"|"Career, technical or professional training diploma"|"Architecture, engineering, and related technologies"|680|760|680|760|1535|1595|2015|45400|49600|46500|48200|40600|39700|41100
"Female"|"15-34"|"Career, technical or professional training diploma"|"Agriculture, natural resources and conservation"|310|310|335|350|535|570|630|33900|32800|39200|36600|33800|30300|34600
"Female"|"15-34"|"Career, technical or professional training diploma"|"Health and related fields"|4520|5025|5240|5255|10030|9985|10470|46100|46100|47200|45900|42600|42800|43400
"Female"|"15-34"|"Career, technical or professional training diploma"|"Personal, protective and transportation services"|600|650|600|660|2685|2660|2735|35800|34400|34300|33200|29400|30000|31400
"Female"|"15-34"|"Career, technical or professional training diploma"|"Other instructional programs"|-1|-1|-1|-1|-1|-1|-1|-1|-1|28700|46200|40100|38300|34500
"Female"|"15-34"|"Undergraduate degree"|"Education"|11185|11020|10805|10395|10115|9825|6960|43200|42900|42300|42500|43500|44600|48000
"Female"|"15-34"|"Undergraduate degree"|"Visual and performing arts, and communications technologies"|2760|2995|3035|3255|3560|3345|3340|26600|26300|27000|27800|28700|29300|30000
"Female"|"15-34"|"Undergraduate degree"|"Humanities"|5345|5700|5565|5660|5800|4725|4510|32600|31200|31800|32200|33200|33300|34600
"Female"|"15-34"|"Undergraduate degree"|"Social and behavioral sciences and law"|13110|13280|14060|15170|15905|16130|16155|35600|35600|35200|36000|35800|36400|37600
"Female"|"15-34"|"Undergraduate degree"|"Business, management and public administration"|12135|13060|13620|14295|14550|14470|15100|46400|46700|46100|45700|45600|46200|46700
"Female"|"15-34"|"Undergraduate degree"|"Physical and life sciences and technologies"|2985|3305|3290|3475|3660|3840|3930|38300|36900|35900|35600|35500|36000|37400
"Female"|"15-34"|"Undergraduate degree"|"Mathematics, computer and information sciences"|565|545|565|655|740|775|860|44800|49800|47100|45500|48400|51000|53400
"Female"|"15-34"|"Undergraduate degree"|"Architecture, engineering, and related technologies"|1770|1920|1905|2215|2185|2345|2555|61400|62200|62600|59900|58000|57200|58200
"Female"|"15-34"|"Undergraduate degree"|"Agriculture, natural resources and conservation"|705|845|940|1000|1045|1095|1105|40900|42400|42200|39600|40900|41200|42600
"Female"|"15-34"|"Undergraduate degree"|"Health and related fields"|9415|10210|10835|11140|11465|11730|12190|64100|64900|64500|63900|63200|62400|64000
"Female"|"15-34"|"Undergraduate degree"|"Personal, protective and transportation services"|300|265|345|365|415|525|585|40400|41600|40400|40500|41400|41300|41300
"Female"|"15-34"|"Undergraduate degree"|"Other instructional programs"|535|565|500|465|445|530|625|38700|35900|35300|36300|34700|36000|38200
"Female"|"15-34"|"Professional degree"|"Education"|-1|-1|-1|-1|-1|-1|-1|-1|-1|-1|-1|-1|-1|-1
"Female"|"15-34"|"Professional degree"|"Visual and performing arts, and communications technologies"|-1|-1|-1|-1|-1|-1|-1|-1|-1|-1|-1|-1|-1|-1
"Female"|"15-34"|"Professional degree"|"Humanities"|-1|-1|-1|-1|-1|-1|-1|-1|-1|-1|-1|-1|-1|-1
"Female"|"15-34"|"Professional degree"|"Social and behavioral sciences and law"|1575|1610|1620|1695|1745|1685|1730|65000|64500|63900|64800|63700|65200|65400
"Female"|"15-34"|"Professional degree"|"Business, management and public administration"|-1|-1|-1|-1|-1|-1|-1|-1|-1|-1|-1|-1|-1|-1
"Female"|"15-34"|"Professional degree"|"Physical and life sciences and technologies"|-1|-1|-1|-1|-1|-1|-1|-1|-1|-1|-1|-1|-1|-1
"Female"|"15-34"|"Professional degree"|"Mathematics, computer and information sciences"|-1|-1|-1|-1|-1|-1|-1|-1|-1|-1|-1|-1|-1|-1
"Female"|"15-34"|"Professional degree"|"Architecture, engineering, and related technologies"|-1|-1|-1|-1|-1|-1|-1|-1|-1|-1|-1|-1|-1|-1
"Female"|"15-34"|"Professional degree"|"Agriculture, natural resources and conservation"|-1|-1|-1|-1|-1|-1|-1|-1|-1|-1|-1|-1|-1|-1
"Female"|"15-34"|"Professional degree"|"Health and related fields"|2000|2005|1975|1865|1895|2020|1950|83300|87500|87200|87300|83300|86700|88000
"Female"|"15-34"|"Professional degree"|"Personal, protective and transportation services"|-1|-1|-1|-1|-1|-1|-1|-1|-1|-1|-1|-1|-1|-1
"Female"|"15-34"|"Professional degree"|"Other instructional programs"|-1|-1|-1|-1|-1|-1|-1|-1|-1|-1|-1|-1|-1|-1
"Female"|"15-34"|"Master's degree"|"Education"|1295|1315|1440|1490|1570|1630|1780|59800|61300|56700|57600|56500|57400|56000
"Female"|"15-34"|"Master's degree"|"Visual and performing arts, and communications technologies"|325|320|340|360|375|370|340|25800|27700|29200|27900|30600|29100|30300
"Female"|"15-34"|"Master's degree"|"Humanities"|600|585|575|505|590|545|570|40500|36700|36500|37200|37900|38600|38800
"Female"|"15-34"|"Master's degree"|"Social and behavioral sciences and law"|1905|2070|2170|2275|2300|2535|2565|50900|52200|49800|50800|48900|50400|51400
"Female"|"15-34"|"Master's degree"|"Business, management and public administration"|2845|2930|3055|3200|3620|3840|3815|64900|64300|64900|62400|61200|62800|62600
"Female"|"15-34"|"Master's degree"|"Physical and life sciences and technologies"|840|820|870|890|840|835|915|51000|50800|48700|46500|48400|48900|50200
"Female"|"15-34"|"Master's degree"|"Mathematics, computer and information sciences"|535|580|540|715|655|665|785|58200|54000|54500|58600|55900|57900|61500
"Female"|"15-34"|"Master's degree"|"Architecture, engineering, and related technologies"|870|965|1060|1250|1270|1430|1540|55600|57600|56300|55800|53800|55200|55100
"Female"|"15-34"|"Master's degree"|"Agriculture, natural resources and conservation"|455|410|455|535|550|520|590|51900|49300|49900|49700|47300|48400|49500
"Female"|"15-34"|"Master's degree"|"Health and related fields"|2160|2555|2670|2980|2925|3265|3195|66000|66300|63900|62400|64800|63900|63000
"Female"|"15-34"|"Master's degree"|"Personal, protective and transportation services"|5|-1|-1|-1|-1|-1|-1|-1|71500|-1|65300|60900|72900|67400
"Female"|"15-34"|"Master's degree"|"Other instructional programs"|-1|-1|-1|-1|-1|-1|-1|57200|45500|45700|54100|44700|48400|62700
"Female"|"15-34"|"Doctoral degree"|"Education"|-1|-1|-1|-1|-1|-1|-1|69100|63900|59400|80000|70600|48400|66100
"Female"|"15-34"|"Doctoral degree"|"Visual and performing arts, and communications technologies"|-1|-1|-1|-1|-1|-1|-1|-1|24100|-1|37000|40300|31900|24200
"Female"|"15-34"|"Doctoral degree"|"Humanities"|-1|-1|100|-1|-1|110|105|47200|49000|53400|43900|50600|42300|54900
"Female"|"15-34"|"Doctoral degree"|"Social and behavioral sciences and law"|305|360|405|430|405|440|450|68700|64200|64900|65900|64700|63200|67600
"Female"|"15-34"|"Doctoral degree"|"Business, management and public administration"|-1|-1|-1|-1|-1|-1|-1|-1|79800|-1|90400|101100|80200|88200
"Female"|"15-34"|"Doctoral degree"|"Physical and life sciences and technologies"|395|360|415|425|380|465|440|46600|49100|47900|47400|48700|55100|48400
"Female"|"15-34"|"Doctoral degree"|"Mathematics, computer and information sciences"|-1|-1|-1|-1|-1|-1|-1|67000|66200|57700|72500|61500|53000|57800
"Female"|"15-34"|"Doctoral degree"|"Architecture, engineering, and related technologies"|120|-1|115|120|170|200|200|65000|69300|60100|57900|61400|60400|61100
"Female"|"15-34"|"Doctoral degree"|"Agriculture, natural resources and conservation"|-1|-1|-1|-1|-1|-1|-1|62000|55300|55600|42500|44600|48900|48200
"Female"|"15-34"|"Doctoral degree"|"Health and related fields"|120|105|120|125|135|160|175|52400|59100|63400|60000|55500|68600|63000
"Female"|"15-34"|"Doctoral degree"|"Personal, protective and transportation services"|-1|-1|-1|-1|-1|-1|-1|-1|-1|-1|-1|-1|-1|-1
"Female"|"15-34"|"Doctoral degree"|"Other instructional programs"|0|0|5|-1|-1|-1|-1|-1|-1|-1|-1|-1|-1|-1
"Female"|"35-64"|"Career, technical or professional training certificate"|"Education"|-1|-1|-1|-1|-1|-1|-1|38600|39200|59100|45400|44800|40900|39000
"Female"|"35-64"|"Career, technical or professional training certificate"|"Visual and performing arts, and communications technologies"|-1|-1|-1|-1|-1|-1|-1|-1|30000|32100|22500|34700|32400|40100
"Female"|"35-64"|"Career, technical or professional training certificate"|"Humanities"|5|-1|-1|5|-1|-1|-1|-1|-1|-1|-1|25300|27100|36300
"Female"|"35-64"|"Career, technical or professional training certificate"|"Social and behavioral sciences and law"|-1|-1|-1|-1|-1|-1|-1|42400|44300|50500|48100|40700|30700|52200
"Female"|"35-64"|"Career, technical or professional training certificate"|"Business, management and public administration"|230|200|185|195|325|305|230|58600|53100|57600|57100|63100|69700|51700
"Female"|"35-64"|"Career, technical or professional training certificate"|"Physical and life sciences and technologies"|-1|0|-1|-1|5|-1|-1|-1|-1|-1|-1|-1|-1|-1
"Female"|"35-64"|"Career, technical or professional training certificate"|"Mathematics, computer and information sciences"|125|150|150|-1|-1|-1|-1|52700|51700|49000|52600|47500|53300|48300
"Female"|"35-64"|"Career, technical or professional training certificate"|"Architecture, engineering, and related technologies"|1070|1230|1030|995|1420|1175|1030|51000|49500|54300|50400|46400|48400|47100
"Female"|"35-64"|"Career, technical or professional training certificate"|"Agriculture, natural resources and conservation"|-1|-1|-1|-1|-1|-1|-1|61000|52300|33400|54000|71600|38800|-1
"Female"|"35-64"|"Career, technical or professional training certificate"|"Health and related fields"|295|340|355|305|375|330|295|47700|50500|47000|46700|45200|43500|46600
"Female"|"35-64"|"Career, technical or professional training certificate"|"Personal, protective and transportation services"|290|270|235|250|370|380|385|57700|39800|43800|54400|41600|47100|52000
"Female"|"35-64"|"Career, technical or professional training certificate"|"Other instructional programs"|-1|5|-1|-1|-1|0|-1|-1|-1|-1|-1|-1|-1|-1
"Female"|"35-64"|"Career, technical or professional training diploma"|"Education"|170|130|165|140|120|135|125|81200|71700|81900|76100|70600|77700|69100
"Female"|"35-64"|"Career, technical or professional training diploma"|"Visual and performing arts, and communications technologies"|-1|-1|-1|-1|-1|-1|-1|-1|43200|40100|41300|30400|29500|28000
"Female"|"35-64"|"Career, technical or professional training diploma"|"Humanities"|5|5|-1|-1|-1|-1|-1|-1|-1|-1|-1|40200|40600|43700
"Female"|"35-64"|"Career, technical or professional training diploma"|"Social and behavioral sciences and law"|-1|-1|-1|-1|145|165|175|44900|39900|45600|41700|30600|39800|36900
"Female"|"35-64"|"Career, technical or professional training diploma"|"Business, management and public administration"|205|315|260|245|625|610|625|43600|45100|45200|44000|39200|38000|41000
"Female"|"35-64"|"Career, technical or professional training diploma"|"Physical and life sciences and technologies"|-1|5|5|-1|-1|-1|-1|-1|-1|-1|-1|34700|42600|48100
"Female"|"35-64"|"Career, technical or professional training diploma"|"Mathematics, computer and information sciences"|-1|-1|-1|-1|180|200|210|45200|49700|50500|46800|46200|46300|45700
"Female"|"35-64"|"Career, technical or professional training diploma"|"Architecture, engineering, and related technologies"|305|440|440|405|995|1010|1100|61100|61000|61200|60300|48600|48000|47900
"Female"|"35-64"|"Career, technical or professional training diploma"|"Agriculture, natural resources and conservation"|-1|-1|-1|-1|-1|-1|-1|57000|41200|42800|48900|32200|42100|41800
"Female"|"35-64"|"Career, technical or professional training diploma"|"Health and related fields"|175|195|280|295|470|405|375|57700|56800|57700|58600|53000|55400|52900
"Female"|"35-64"|"Career, technical or professional training diploma"|"Personal, protective and transportation services"|-1|-1|-1|-1|155|135|160|49000|39100|45900|49600|44700|44300|47500
"Female"|"35-64"|"Career, technical or professional training diploma"|"Other instructional programs"|-1|-1|-1|-1|-1|5|-1|-1|-1|-1|-1|-1|-1|-1
"Female"|"35-64"|"Undergraduate degree"|"Education"|705|765|650|670|605|585|340|51800|52300|50900|54600|50500|55800|65200
"Female"|"35-64"|"Undergraduate degree"|"Visual and performing arts, and communications technologies"|-1|-1|-1|-1|-1|-1|-1|39800|41900|36700|26900|31900|40200|39900
"Female"|"35-64"|"Undergraduate degree"|"Humanities"|345|315|310|290|250|310|275|52600|50400|47300|49600|45700|55800|53900
"Female"|"35-64"|"Undergraduate degree"|"Social and behavioral sciences and law"|300|310|315|375|325|380|390|50300|52700|52300|49500|50800|52000|51400
"Female"|"35-64"|"Undergraduate degree"|"Business, management and public administration"|655|690|620|690|750|700|735|58400|60500|64700|62300|61000|58400|59600
"Female"|"35-64"|"Undergraduate degree"|"Physical and life sciences and technologies"|-1|-1|-1|-1|-1|-1|-1|54800|61300|53400|61900|48800|43500|61600
"Female"|"35-64"|"Undergraduate degree"|"Mathematics, computer and information sciences"|120|120|130|140|120|120|100|65900|63000|69200|69200|64800|65300|68400
"Female"|"35-64"|"Undergraduate degree"|"Architecture, engineering, and related technologies"|255|260|265|340|320|320|320|70100|69700|69100|71600|64100|61900|65700
"Female"|"35-64"|"Undergraduate degree"|"Agriculture, natural resources and conservation"|-1|-1|-1|-1|-1|-1|-1|63500|55000|67500|60900|68900|44900|62300
"Female"|"35-64"|"Undergraduate degree"|"Health and related fields"|230|220|240|265|305|290|310|75200|78100|80700|77000|77000|76400|75200
"Female"|"35-64"|"Undergraduate degree"|"Personal, protective and transportation services"|-1|-1|-1|-1|-1|-1|-1|130200|118000|121400|111200|110900|113500|115700
"Female"|"35-64"|"Undergraduate degree"|"Other instructional programs"|-1|-1|-1|-1|-1|-1|-1|76400|76600|54500|53600|59100|60300|54300
"Female"|"35-64"|"Professional degree"|"Education"|-1|-1|-1|-1|-1|-1|-1|-1|-1|-1|-1|-1|-1|-1
"Female"|"35-64"|"Professional degree"|"Visual and performing arts, and communications technologies"|-1|-1|-1|-1|-1|-1|-1|-1|-1|-1|-1|-1|-1|-1
"Female"|"35-64"|"Professional degree"|"Humanities"|-1|-1|-1|-1|-1|-1|-1|-1|-1|-1|-1|-1|-1|-1
"Female"|"35-64"|"Professional degree"|"Social and behavioral sciences and law"|-1|-1|-1|-1|-1|115|-1|66200|68700|71100|82600|71300|55500|62600
"Female"|"35-64"|"Professional degree"|"Business, management and public administration"|-1|-1|-1|-1|-1|-1|-1|-1|-1|-1|-1|-1|-1|-1
"Female"|"35-64"|"Professional degree"|"Physical and life sciences and technologies"|-1|-1|-1|-1|-1|-1|-1|-1|-1|-1|-1|-1|-1|-1
"Female"|"35-64"|"Professional degree"|"Mathematics, computer and information sciences"|-1|-1|-1|-1|-1|-1|-1|-1|-1|-1|-1|-1|-1|-1
"Female"|"35-64"|"Professional degree"|"Architecture, engineering, and related technologies"|-1|-1|-1|-1|-1|-1|-1|-1|-1|-1|-1|-1|-1|-1
"Female"|"35-64"|"Professional degree"|"Agriculture, natural resources and conservation"|-1|-1|-1|-1|-1|-1|-1|-1|-1|-1|-1|-1|-1|-1
"Female"|"35-64"|"Professional degree"|"Health and related fields"|-1|-1|-1|-1|-1|-1|-1|75500|86900|85300|95700|83400|89000|98200
"Female"|"35-64"|"Professional degree"|"Personal, protective and transportation services"|-1|-1|-1|-1|-1|-1|-1|-1|-1|-1|-1|-1|-1|-1
"Female"|"35-64"|"Professional degree"|"Other instructional programs"|-1|-1|-1|-1|-1|-1|-1|-1|-1|-1|-1|-1|-1|-1
"Female"|"35-64"|"Master's degree"|"Education"|635|625|610|650|575|675|625|95800|96100|95900|95800|95700|91800|92100
"Female"|"35-64"|"Master's degree"|"Visual and performing arts, and communications technologies"|-1|-1|-1|-1|-1|-1|-1|41100|35000|38200|31500|26000|35000|32300
"Female"|"35-64"|"Master's degree"|"Humanities"|140|110|135|110|165|155|120|50400|50500|48700|49300|49700|56000|51200
"Female"|"35-64"|"Master's degree"|"Social and behavioral sciences and law"|285|300|320|330|320|325|300|72000|79200|74900|75700|72700|72900|64500
"Female"|"35-64"|"Master's degree"|"Business, management and public administration"|1775|1675|1790|1770|1710|1730|1795|103000|103900|105100|102500|104100|102800|101300
"Female"|"35-64"|"Master's degree"|"Physical and life sciences and technologies"|100|-1|-1|-1|-1|-1|-1|63100|70600|62900|58000|55900|47800|61400
"Female"|"35-64"|"Master's degree"|"Mathematics, computer and information sciences"|215|185|165|185|165|180|190|67300|68500|73700|76200|75000|78100|76400
"Female"|"35-64"|"Master's degree"|"Architecture, engineering, and related technologies"|660|515|575|620|535|495|445|73400|77700|75400|75200|71700|74100|71900
"Female"|"35-64"|"Master's degree"|"Agriculture, natural resources and conservation"|-1|-1|-1|115|-1|-1|-1|68500|64900|70000|75400|74100|51900|67100
"Female"|"35-64"|"Master's degree"|"Health and related fields"|200|165|190|210|240|255|215|93300|87600|95400|97800|93900|87800|92400
"Female"|"35-64"|"Master's degree"|"Personal, protective and transportation services"|-1|-1|-1|-1|-1|-1|-1|122000|103100|89300|105700|91400|82000|116000
"Female"|"35-64"|"Master's degree"|"Other instructional programs"|-1|-1|-1|-1|-1|-1|-1|-1|-1|-1|88900|86500|82400|79000
"Female"|"35-64"|"Doctoral degree"|"Education"|-1|-1|-1|-1|-1|-1|-1|100100|85200|91000|101300|101000|93200|89600
"Female"|"35-64"|"Doctoral degree"|"Visual and performing arts, and communications technologies"|-1|-1|-1|-1|-1|-1|-1|-1|-1|36500|43600|47100|24800|21600
"Female"|"35-64"|"Doctoral degree"|"Humanities"|-1|110|105|130|115|115|135|52400|60600|49400|49900|56800|45300|56000
"Female"|"35-64"|"Doctoral degree"|"Social and behavioral sciences and law"|145|165|165|170|190|185|195|80600|75600|81100|74900|76900|54300|74100
"Female"|"35-64"|"Doctoral degree"|"Business, management and public administration"|-1|-1|-1|-1|-1|-1|-1|105000|119100|106100|104500|110000|102800|98400
"Female"|"35-64"|"Doctoral degree"|"Physical and life sciences and technologies"|190|175|170|170|155|165|135|55100|52300|51000|56800|54900|59100|56700
"Female"|"35-64"|"Doctoral degree"|"Mathematics, computer and information sciences"|-1|-1|-1|-1|-1|-1|-1|80100|65300|77900|81900|65800|81500|81800
"Female"|"35-64"|"Doctoral degree"|"Architecture, engineering, and related technologies"|275|255|280|305|285|295|275|78600|82700|75500|84500|77200|66000|72000
"Female"|"35-64"|"Doctoral degree"|"Agriculture, natural resources and conservation"|-1|-1|-1|-1|-1|-1|-1|45800|47800|43500|73400|62200|56700|74500
"Female"|"35-64"|"Doctoral degree"|"Health and related fields"|-1|-1|-1|-1|-1|-1|-1|82800|87300|71100|80600|82900|92300|86000
"Female"|"35-64"|"Doctoral degree"|"Personal, protective and transportation services"|0|-1|-1|-1|5|-1|-1|-1|-1|-1|-1|-1|-1|-1
"Female"|"35-64"|"Doctoral degree"|"Other instructional programs"|-1|0|-1|-1|-1|-1|-1|-1|-1|-1|-1|-1|-1|-1
